epoch;conv2d_34_loss;loss;multiply_loss;subtract_2_loss;val_conv2d_34_loss;val_loss;val_multiply_loss;val_subtract_2_loss
0;0.18734294176101685;0.18747153878211975;2.745082565525081e-05;0.00015729188453406096;0.07147490233182907;0.07147490233182907;0.0;0.0
1;0.149869903922081;0.14987275004386902;9.478806646256999e-07;3.425124305067584e-06;0.06820506602525711;0.06820506602525711;0.0;0.0
2;0.1405627578496933;0.1405627578496933;0.0;0.0;0.06451280415058136;0.06451280415058136;0.0;0.0
3;0.1330227255821228;0.13303199410438538;0.0;1.1598267519730143e-05;0.048996470868587494;0.048996470868587494;0.0;0.0
4;0.12884531915187836;0.12884534895420074;0.0;2.7050594653132976e-08;0.06399648636579514;0.06399648636579514;0.0;2.4274435543245043e-13
5;0.12324588745832443;0.12324588745832443;0.0;1.3753693496598718e-11;0.04529745876789093;0.04529745876789093;0.0;0.0
6;0.12235461920499802;0.12235461920499802;0.0;6.266345081717972e-12;0.05230770632624626;0.05230770632624626;0.0;0.0
7;0.11976102739572525;0.11976102739572525;0.0;1.725887905897408e-13;0.05614745244383812;0.05614745244383812;0.0;0.0
8;0.11625608056783676;0.11625608056783676;0.0;0.0;0.051434680819511414;0.051434680819511414;0.0;0.0
9;0.11490640789270401;0.11490640789270401;0.0;0.0;0.05333664268255234;0.05333664268255234;0.0;0.0
10;0.11379962414503098;0.11379962414503098;1.044433339814077e-08;1.3096174145132977e-09;0.060693081468343735;0.060693081468343735;0.0;0.0
11;0.1101248636841774;0.1101248636841774;0.0;0.0;0.07246077060699463;0.07246077060699463;0.0;0.0
12;0.1110396608710289;0.1110396608710289;0.0;0.0;0.07083949446678162;0.07083949446678162;0.0;0.0
13;0.11051905155181885;0.11051905155181885;1.0871894495778633e-08;1.4657246527605139e-09;0.05726100131869316;0.05726100131869316;0.0;0.0
14;0.10643653571605682;0.10643653571605682;3.061017039840408e-08;0.0;0.049420636147260666;0.049420636147260666;0.0;0.0
15;0.10533179342746735;0.1067824438214302;0.00019185058772563934;0.001789312926121056;0.09209650754928589;2.4743735790252686;23.62257194519043;0.025025347247719765
16;0.13717883825302124;0.15847012400627136;0.001786372042261064;0.026390831917524338;0.06223243847489357;0.06223243847489357;0.0;0.0
17;0.13790728151798248;0.13790728151798248;1.5394631347476206e-08;7.034400173466793e-09;0.07511986792087555;0.07511986792087555;0.0;0.0
18;0.1250365674495697;0.1250365674495697;0.0;0.0;0.058948248624801636;0.058948248624801636;0.0;0.0
19;0.11678922921419144;0.11678922921419144;1.6209189546145808e-09;1.4012179194722307e-09;0.05263979732990265;0.05263979732990265;0.0;0.0
20;0.15827587246894836;0.17792758345603943;0.008298172615468502;0.02352728135883808;0.06423159688711166;0.06423159688711166;0.0;0.0
21;0.17313286662101746;0.24789436161518097;0.06912441551685333;0.08481132984161377;0.0793193131685257;0.0793193131685257;0.0;0.0
22;0.16239972412586212;0.45557188987731934;0.022675389423966408;0.3636307716369629;0.07955536991357803;0.07955536991357803;0.0;0.0
23;0.15364326536655426;0.15364336967468262;3.8588390793847793e-07;8.253886107922881e-08;0.04369449242949486;0.04369449242949486;0.0;0.0
24;0.149944469332695;0.15077349543571472;0.0001968083524843678;0.0010116853518411517;0.053708918392658234;0.053708918392658234;0.0;0.0
25;0.1467238962650299;0.1467238962650299;0.0;0.0;0.0517895445227623;0.0517895445227623;0.0;0.0
26;0.14488717913627625;0.14488717913627625;3.2676177319501676e-09;2.6628217408841692e-09;0.05185718834400177;0.05185718834400177;0.0;0.0
27;0.1433320790529251;0.1433320939540863;4.5648999247305255e-08;6.658868456632661e-10;0.06945658475160599;0.06945658475160599;0.0;0.0
28;0.14159120619297028;0.14159120619297028;0.0;0.0;0.05122528225183487;0.05122528225183487;0.0;0.0
29;0.13952751457691193;0.13952752947807312;1.1067315597301786e-07;0.0;0.05721466615796089;0.05721466615796089;0.0;0.0
30;0.13912111520767212;0.13912111520767212;0.0;0.0;0.057907070964574814;0.057907070964574814;0.0;0.0
31;0.13736826181411743;0.13736826181411743;0.0;0.0;0.057891566306352615;0.057891566306352615;0.0;0.0
32;0.13540616631507874;0.13540616631507874;0.0;0.0;0.055067017674446106;0.055067017674446106;0.0;0.0
33;0.13643281161785126;0.13643281161785126;0.0;0.0;0.052366770803928375;0.052366770803928375;0.0;0.0
34;0.13397951424121857;0.13397951424121857;1.8726339590102725e-08;1.1484257100846662e-08;0.05218128859996796;0.05218128859996796;0.0;0.0
35;0.13282789289951324;0.13282789289951324;0.0;0.0;0.06348177045583725;0.06348177045583725;0.0;0.0
36;0.13245707750320435;0.13245707750320435;0.0;0.0;0.058454036712646484;0.058454036712646484;0.0;0.0
37;0.1306079775094986;0.1306079775094986;0.0;3.3923561737481123e-09;0.058111920952796936;0.058111920952796936;0.0;0.0
38;0.12983310222625732;0.12983310222625732;0.0;0.0;0.060997508466243744;0.060997508466243744;0.0;0.0
39;0.12793749570846558;0.12793749570846558;0.0;0.0;0.0634356141090393;0.0634356141090393;0.0;0.0
40;0.1272558718919754;0.1272558718919754;0.0;0.0;0.06784796714782715;0.06784796714782715;0.0;0.0
41;0.12731730937957764;0.12731730937957764;0.0;0.0;0.05757550895214081;0.05757550895214081;0.0;0.0
42;0.12466247379779816;0.12466247379779816;4.926695051921115e-09;0.0;0.05753536522388458;0.05753536522388458;0.0;0.0
43;0.12634703516960144;0.12634703516960144;0.0;0.0;0.0592074990272522;0.0592074990272522;0.0;0.0
44;0.12532436847686768;0.12532439827919006;4.3050764730878655e-08;2.1352603241098222e-08;0.05261150375008583;0.05261150375008583;0.0;0.0
45;0.1231057420372963;0.1231057420372963;0.0;0.0;0.07046486437320709;0.07046486437320709;0.0;0.0
46;0.12283919006586075;0.12283919006586075;0.0;0.0;0.05961579829454422;0.05961579829454422;0.0;0.0
47;0.12116870284080505;0.12116870284080505;0.0;0.0;0.05973593518137932;0.05973593518137932;0.0;0.0
48;0.1208672896027565;0.1208672896027565;1.4724600205795468e-08;0.0;0.054037339985370636;0.054037339985370636;0.0;0.0
49;0.11897314339876175;0.11897314339876175;0.0;0.0;0.053729262202978134;0.053729262202978134;0.0;0.0
50;0.11966206133365631;0.11966206133365631;0.0;0.0;0.05491162836551666;0.05491162836551666;0.0;0.0
51;0.11614743620157242;0.11614743620157242;0.0;0.0;0.05674586445093155;0.05674586445093155;0.0;0.0
52;0.11640205979347229;0.11640205979347229;0.0;0.0;0.05546946078538895;0.05546946078538895;0.0;0.0
53;0.115195631980896;0.115195631980896;0.0;0.0;0.05451854318380356;0.05451854318380356;0.0;0.0
54;0.11509376764297485;0.11509376764297485;0.0;0.0;0.05868745967745781;0.05868745967745781;0.0;0.0
55;0.11314637959003448;0.11314637959003448;0.0;0.0;0.04761364683508873;0.04761364683508873;0.0;0.0
56;0.11067686229944229;0.11067686229944229;0.0;0.0;0.05534382909536362;0.05534382909536362;0.0;0.0
57;0.1122184470295906;0.1122184470295906;0.0;0.0;0.05409213528037071;0.05409213528037071;0.0;0.0
58;0.11191460490226746;0.11191460490226746;0.0;0.0;0.049802515655756;0.049802515655756;0.0;0.0
59;0.11063580960035324;0.11063580960035324;0.0;0.0;0.05214438587427139;0.05214438587427139;0.0;0.0
60;0.10753440111875534;0.10753440111875534;0.0;0.0;0.05359233543276787;0.05359233543276787;0.0;0.0
61;0.10828127712011337;0.10828127712011337;0.0;0.0;0.05596910044550896;0.05596910044550896;0.0;0.0
62;0.1081286147236824;0.1081286147236824;0.0;0.0;0.05193692818284035;0.05193692818284035;0.0;0.0
63;0.10824006795883179;0.10824006795883179;0.0;0.0;0.049553271383047104;0.049553271383047104;0.0;0.0
64;0.10589476674795151;0.10589476674795151;0.0;0.0;0.05794132873415947;0.05794132873415947;0.0;0.0
65;0.10453679412603378;0.10453679412603378;0.0;0.0;0.07230953872203827;0.07230953872203827;0.0;0.0
66;0.10503432154655457;0.10503432154655457;0.0;0.0;0.05571110546588898;0.05571110546588898;0.0;0.0
67;0.1041484847664833;0.1041484847664833;0.0;0.0;0.046336594969034195;0.046336594969034195;0.0;0.0
68;0.10422646254301071;0.10422646254301071;0.0;0.0;0.06194349378347397;0.06194349378347397;0.0;0.0
69;0.10579032450914383;0.10579032450914383;0.0;0.0;0.06321855634450912;0.06321855634450912;0.0;0.0
70;0.10189323872327805;0.1018950566649437;1.6535324903088622e-05;2.028322683145234e-07;0.05781004577875137;0.05781004577875137;0.0;0.0
71;0.10166548192501068;0.10166548192501068;2.355322337166399e-08;0.0;0.060454826802015305;0.060454826802015305;0.0;0.0
72;0.10077087581157684;0.10077087581157684;6.545819530856534e-08;0.0;0.06172045320272446;0.06172045320272446;0.0;0.0
73;0.1006501317024231;0.1006501317024231;0.0;0.0;0.05924157053232193;0.05924157053232193;0.0;0.0
74;0.09991739690303802;0.09991739690303802;1.4724905739171845e-08;0.0;0.06281871348619461;0.06281871348619461;0.0;0.0
75;0.09857920557260513;0.09857920557260513;1.4486722044182443e-08;0.0;0.05248280614614487;0.05248280614614487;0.0;0.0
76;0.09754014760255814;0.09754037111997604;1.3185918987801415e-06;1.1934100996313646e-07;0.05460747331380844;0.05460747331380844;0.0;0.0
77;0.09876056015491486;0.09876056015491486;0.0;0.0;0.053458619862794876;0.053458619862794876;0.0;0.0
78;0.09842514991760254;0.09842514991760254;0.0;0.0;0.06655395776033401;0.06655395776033401;0.0;0.0
79;0.097243532538414;0.097243532538414;5.328934626902537e-09;0.0;0.0575408898293972;0.0575408898293972;0.0;0.0
80;0.09667697548866272;0.09667697548866272;0.0;0.0;0.058581482619047165;0.058581482619047165;0.0;0.0
81;0.09706191718578339;0.09706191718578339;0.0;0.0;0.06641919910907745;0.06641919910907745;0.0;0.0
82;0.09690075367689133;0.09690075367689133;0.0;1.4978486116354328e-13;0.07347781211137772;0.07347781211137772;0.0;0.0
83;0.09526289999485016;0.09526563435792923;0.0;3.4285499168618117e-06;0.05509091541171074;0.05509091541171074;0.0;0.0
84;0.09659277647733688;0.09660141170024872;0.0;1.07932610262651e-05;0.07296018302440643;0.07296018302440643;0.0;0.0
85;0.09493120014667511;0.09493120014667511;0.0;7.259272627457847e-10;0.057267069816589355;0.057267069816589355;0.0;0.0
86;0.09325812011957169;0.09325812011957169;0.0;3.3989603666351176e-12;0.057816002517938614;0.057816002517938614;0.0;0.0
87;0.09459037333726883;0.09459037333726883;0.0;0.0;0.06692946702241898;0.06692946702241898;0.0;0.0
88;0.09297889471054077;0.09297889471054077;0.0;0.0;0.06556597352027893;0.06556597352027893;0.0;0.0
89;0.09282820671796799;0.09282820671796799;0.0;0.0;0.06947983056306839;0.06947983056306839;0.0;0.0
90;0.09224609285593033;0.09224609285593033;0.0;0.0;0.06158759444952011;0.06158759444952011;0.0;0.0
91;0.09182459115982056;0.09182459115982056;0.0;5.865934821214225e-11;0.060943640768527985;0.060943640768527985;0.0;0.0
92;0.09178349375724792;0.09178349375724792;0.0;0.0;0.055378831923007965;0.055378831923007965;0.0;0.0
93;0.0920691043138504;0.0920691043138504;0.0;0.0;0.05267108231782913;0.05267108231782913;0.0;0.0
94;0.09357071667909622;0.09357071667909622;0.0;0.0;0.05817366763949394;0.05817366763949394;0.0;0.0
95;0.09108880162239075;0.09108947217464447;5.353032065613661e-06;1.6577439510001568e-07;0.06031285598874092;0.06031285598874092;0.0;0.0
96;0.09057001024484634;0.09057001024484634;0.0;0.0;0.0563385970890522;0.0563385970890522;0.0;0.0
97;0.09055923670530319;0.09055923670530319;0.0;0.0;0.050836775451898575;0.050836775451898575;0.0;0.0
98;0.09382312744855881;0.09382312744855881;0.0;0.0;0.053100019693374634;0.053100019693374634;0.0;0.0
99;0.08902603387832642;0.08902603387832642;0.0;0.0;0.05448586493730545;0.05448586493730545;0.0;0.0
100;0.08924652636051178;0.08924652636051178;0.0;0.0;0.06444337964057922;0.06444337964057922;0.0;0.0
101;0.08833165466785431;0.08835640549659729;0.0;3.09360766550526e-05;0.05938533693552017;0.05938533693552017;0.0;6.002798518672803e-12
102;0.08830004185438156;0.08830005675554276;0.0;2.9469532591974712e-08;0.06024280935525894;0.06024280935525894;0.0;0.0
103;0.08736096322536469;0.08736096322536469;0.0;0.0;0.05616029351949692;0.05616029351949692;0.0;0.0
104;0.08696600794792175;0.08696600794792175;0.0;0.0;0.0606059804558754;0.0606059804558754;0.0;0.0
105;0.08953957259654999;0.08953957259654999;0.0;4.6543982556990215e-10;0.06441505998373032;0.06441505998373032;0.0;0.0
106;0.08835437148809433;0.08835437148809433;0.0;0.0;0.06180007755756378;0.06180007755756378;0.0;0.0
107;0.08689622581005096;0.08689622581005096;0.0;0.0;0.06326008588075638;0.06326008588075638;0.0;0.0
108;0.08651529252529144;0.08651529252529144;0.0;0.0;0.06005863472819328;0.06005863472819328;0.0;0.0
109;0.08537451177835464;0.08537451177835464;0.0;0.0;0.058765511959791183;0.058765511959791183;0.0;0.0
110;0.08816765248775482;0.08816765248775482;0.0;0.0;0.056546520441770554;0.056546520441770554;0.0;0.0
111;0.08693249523639679;0.08693249523639679;0.0;0.0;0.06383609026670456;0.06383609026670456;0.0;0.0
112;0.08535845577716827;0.08535845577716827;0.0;0.0;0.057129327207803726;0.057129327207803726;0.0;0.0
113;0.08484242856502533;0.08484242856502533;0.0;0.0;0.054737869650125504;0.054737869650125504;0.0;0.0
114;0.08556252717971802;0.08556252717971802;0.0;0.0;0.06125326827168465;0.06125326827168465;0.0;0.0
115;0.08453496545553207;0.08453496545553207;0.0;0.0;0.06325293332338333;0.06325293332338333;0.0;0.0
116;0.08617627620697021;0.08617627620697021;0.0;0.0;0.06774076819419861;0.06774076819419861;0.0;0.0
117;0.08649773895740509;0.08649773895740509;0.0;0.0;0.05813504010438919;0.05813504010438919;0.0;0.0
118;0.08347239345312119;0.08347239345312119;0.0;0.0;0.0567874051630497;0.0567874051630497;0.0;0.0
119;0.0831175297498703;0.0831175297498703;0.0;0.0;0.06760748475790024;0.06760748475790024;0.0;0.0
120;0.0845547690987587;0.0845547690987587;0.0;0.0;0.06178150698542595;0.06178150698542595;0.0;0.0
121;0.08283558487892151;0.08283558487892151;0.0;0.0;0.05627042055130005;0.05627042055130005;0.0;0.0
122;0.08203553408384323;0.08203553408384323;0.0;0.0;0.060469239950180054;0.060469239950180054;0.0;0.0
123;0.08534440398216248;0.08534440398216248;0.0;0.0;0.05663206800818443;0.05663206800818443;0.0;0.0
124;0.08283291012048721;0.08283291012048721;0.0;0.0;0.05620402470231056;0.05620402470231056;0.0;0.0
125;0.08259615302085876;0.08259615302085876;0.0;0.0;0.0547645203769207;0.0547645203769207;0.0;0.0
126;0.08187083899974823;0.08187083899974823;0.0;0.0;0.06483922153711319;0.06483922153711319;0.0;0.0
127;0.08118276298046112;0.08118288218975067;5.124463200445462e-07;8.54568327213201e-08;0.06093408167362213;0.06093408167362213;0.0;0.0
128;0.08047465234994888;0.08047465234994888;0.0;0.0;0.056183937937021255;0.056183937937021255;0.0;0.0
129;0.080683134496212;0.080683134496212;0.0;0.0;0.054673999547958374;0.054673999547958374;0.0;0.0
130;0.08043774962425232;0.08043774962425232;0.0;0.0;0.05583236366510391;0.05583236366510391;0.0;0.0
131;0.07987614721059799;0.07987614721059799;0.0;0.0;0.059578679502010345;0.059578679502010345;0.0;0.0
132;0.08003994822502136;0.08003994822502136;0.0;0.0;0.05686681717634201;0.05686681717634201;0.0;0.0
133;0.08200332522392273;0.08200332522392273;0.0;0.0;0.06418763101100922;0.06418763101100922;0.0;0.0
134;0.08196591585874557;0.08196591585874557;0.0;0.0;0.0759754627943039;0.0759754627943039;0.0;0.0
135;0.08159108459949493;0.08159108459949493;0.0;0.0;0.05926424637436867;0.05926424637436867;0.0;0.0
136;0.08018845319747925;0.08018845319747925;0.0;0.0;0.06395122408866882;0.06395122408866882;0.0;0.0
137;0.07958024740219116;0.07958024740219116;0.0;0.0;0.059577953070402145;0.059577953070402145;0.0;0.0
138;0.07950717955827713;0.07950717955827713;0.0;0.0;0.06666334718465805;0.06666334718465805;0.0;0.0
139;0.07904651015996933;0.07904651015996933;0.0;0.0;0.0679088905453682;0.0679088905453682;0.0;0.0
140;0.07870395481586456;0.07870395481586456;0.0;0.0;0.06220998987555504;0.06220998987555504;0.0;0.0
141;0.07827197015285492;0.07827197015285492;0.0;0.0;0.06117403879761696;0.06117403879761696;0.0;0.0
142;0.085207998752594;0.085207998752594;0.0;0.0;0.07256916165351868;0.07256916165351868;0.0;0.0
143;0.07965477555990219;0.07965477555990219;0.0;0.0;0.0646728053689003;0.0646728053689003;0.0;0.0
144;0.07776118814945221;0.07776118814945221;0.0;0.0;0.06440795212984085;0.06440795212984085;0.0;0.0
145;0.07692009210586548;0.07692009210586548;0.0;0.0;0.06227529048919678;0.06227529048919678;0.0;0.0
146;0.07695408910512924;0.07695408910512924;0.0;0.0;0.0625348761677742;0.0625348761677742;0.0;0.0
147;0.07649558782577515;0.07649558782577515;0.0;0.0;0.058705639094114304;0.058705639094114304;0.0;0.0
148;0.07641871273517609;0.07641871273517609;0.0;0.0;0.07050015777349472;0.07050015777349472;0.0;0.0
149;0.07746174186468124;0.07746174186468124;0.0;0.0;0.06350447237491608;0.06350447237491608;0.0;0.0
150;0.07916620373725891;0.07916620373725891;0.0;0.0;0.059948377311229706;0.059948377311229706;0.0;0.0
151;0.07655736058950424;0.07655736058950424;0.0;0.0;0.06410019099712372;0.06410019099712372;0.0;0.0
152;0.07610013335943222;0.07610013335943222;0.0;0.0;0.060469213873147964;0.060469213873147964;0.0;0.0
153;0.07564797252416611;0.07564797252416611;0.0;0.0;0.061838679015636444;0.061838679015636444;0.0;0.0
154;0.07518397271633148;0.07518397271633148;0.0;0.0;0.06502082198858261;0.06502082198858261;0.0;0.0
155;0.07555289566516876;0.07555289566516876;0.0;0.0;0.05935705080628395;0.05935705080628395;0.0;0.0
156;0.0753333643078804;0.0753333643078804;0.0;0.0;0.07765199989080429;0.07765199989080429;0.0;0.0
157;0.07521195709705353;0.07521195709705353;0.0;0.0;0.06305396556854248;0.06305396556854248;0.0;0.0
158;0.07419586926698685;0.07419586926698685;0.0;0.0;0.06638820469379425;0.06638820469379425;0.0;0.0
159;0.07513496279716492;0.07513496279716492;0.0;0.0;0.05841648951172829;0.05841648951172829;0.0;0.0
160;0.07464134693145752;0.07464134693145752;0.0;0.0;0.061236392706632614;0.061236392706632614;0.0;0.0
161;0.07499471306800842;0.07499471306800842;0.0;0.0;0.07274235785007477;0.07274235785007477;0.0;0.0
162;0.0748182088136673;0.0748182088136673;0.0;0.0;0.05716453492641449;0.05716453492641449;0.0;0.0
163;0.07574445754289627;0.07574445754289627;0.0;0.0;0.062375735491514206;0.062375735491514206;0.0;0.0
164;0.07459021359682083;0.07459021359682083;0.0;0.0;0.07196921855211258;0.07196921855211258;0.0;0.0
165;0.07549876719713211;0.07549876719713211;0.0;0.0;0.06168050691485405;0.06168050691485405;0.0;0.0
166;0.07459520548582077;0.07459520548582077;0.0;0.0;0.05915028229355812;0.05915028229355812;0.0;0.0
167;0.07412801682949066;0.07412801682949066;0.0;0.0;0.061380576342344284;0.061380576342344284;0.0;0.0
168;0.07311826199293137;0.07311826199293137;0.0;0.0;0.06384056806564331;0.06384056806564331;0.0;0.0
169;0.07340503484010696;0.07340503484010696;0.0;0.0;0.06480797380208969;0.06480797380208969;0.0;0.0
170;0.07305146008729935;0.07305146008729935;0.0;0.0;0.066351979970932;0.066351979970932;0.0;0.0
171;0.0730271115899086;0.0730271115899086;0.0;0.0;0.06387902796268463;0.06387902796268463;0.0;0.0
172;0.0726369246840477;0.0726369246840477;0.0;0.0;0.06560534238815308;0.06560534238815308;0.0;0.0
173;0.07459104806184769;0.07459104806184769;0.0;0.0;0.07198705524206161;0.07198705524206161;0.0;0.0
174;0.0730922743678093;0.0730922743678093;0.0;0.0;0.0638299211859703;0.0638299211859703;0.0;0.0
175;0.07309790700674057;0.07309790700674057;0.0;0.0;0.06844305247068405;0.06844305247068405;0.0;0.0
176;0.07336480915546417;0.07336480915546417;4.866677283388299e-09;0.0;0.06793411821126938;0.06793411821126938;0.0;0.0
177;0.07204647362232208;0.07204647362232208;0.0;0.0;0.061433110386133194;0.061433110386133194;0.0;0.0
178;0.0715860053896904;0.0715860053896904;0.0;0.0;0.06741803139448166;0.06741803139448166;0.0;0.0
179;0.0717931017279625;0.0717931017279625;0.0;0.0;0.06266544759273529;0.06266544759273529;0.0;0.0
180;0.07094810158014297;0.07094810158014297;0.0;0.0;0.06471043825149536;0.06471043825149536;0.0;0.0
181;0.07184607535600662;0.07184607535600662;0.0;0.0;0.0682302787899971;0.0682302787899971;0.0;0.0
182;0.07146497815847397;0.07146497815847397;0.0;0.0;0.06994446367025375;0.06994446367025375;0.0;0.0
183;0.07065103948116302;0.07065103948116302;0.0;0.0;0.06705570966005325;0.06705570966005325;0.0;0.0
184;0.07074425369501114;0.07074425369501114;0.0;0.0;0.06523683667182922;0.06523683667182922;0.0;0.0
185;0.07137979567050934;0.07137979567050934;0.0;0.0;0.06628935039043427;0.06628935039043427;0.0;0.0
186;0.07082134485244751;0.07082134485244751;0.0;0.0;0.06430463492870331;0.06430463492870331;0.0;0.0
187;0.07028577476739883;0.07028577476739883;0.0;0.0;0.06152074411511421;0.06152074411511421;0.0;0.0
188;0.07006092369556427;0.07006092369556427;0.0;0.0;0.07023399323225021;0.07023399323225021;0.0;0.0
189;0.07038896530866623;0.07038896530866623;0.0;0.0;0.07287091016769409;0.07287091016769409;0.0;0.0
190;0.06986714154481888;0.06986714154481888;0.0;0.0;0.06733474880456924;0.06733474880456924;0.0;0.0
191;0.06996827572584152;0.06996827572584152;0.0;0.0;0.06795362383127213;0.06795362383127213;0.0;0.0
192;0.0697699636220932;0.0697699636220932;0.0;0.0;0.07740457355976105;0.07740457355976105;0.0;0.0
193;0.07006239891052246;0.07006239891052246;0.0;0.0;0.06405087560415268;0.06405087560415268;0.0;0.0
194;0.07045610249042511;0.07045610249042511;0.0;0.0;0.06479368358850479;0.06479368358850479;0.0;0.0
195;0.06911727786064148;0.06911727786064148;0.0;0.0;0.06468642503023148;0.06468642503023148;0.0;0.0
196;0.06992501020431519;0.06992501020431519;0.0;0.0;0.05870911851525307;0.05870911851525307;0.0;0.0
197;0.0693286657333374;0.0693286657333374;0.0;0.0;0.07294691354036331;0.07294691354036331;0.0;0.0
198;0.0692189410328865;0.0692189410328865;0.0;0.0;0.06731165200471878;0.06731165200471878;0.0;0.0
199;0.06858639419078827;0.06858639419078827;0.0;0.0;0.06479712575674057;0.06479712575674057;0.0;0.0
200;0.06879687309265137;0.06879687309265137;0.0;0.0;0.07584866881370544;0.07584866881370544;0.0;0.0
201;0.06905361264944077;0.06905361264944077;0.0;0.0;0.08402055501937866;0.08402055501937866;0.0;0.0
202;0.0689573660492897;0.0689573660492897;0.0;0.0;0.07226964831352234;0.07226964831352234;0.0;0.0
203;0.06845811009407043;0.06845811009407043;0.0;0.0;0.0680176243185997;0.0680176243185997;0.0;0.0
204;0.06874924153089523;0.06874924153089523;0.0;1.7787120734635842e-11;0.07378815114498138;0.07378815114498138;0.0;0.0
205;0.06831984221935272;0.06831984221935272;0.0;0.0;0.06870200484991074;0.06870200484991074;0.0;0.0
206;0.06840468943119049;0.06840468943119049;0.0;0.0;0.06802184134721756;0.06802184134721756;0.0;0.0
207;0.06804655492305756;0.06804655492305756;0.0;0.0;0.06482135504484177;0.06482135504484177;0.0;0.0
208;0.07006550580263138;0.07006550580263138;0.0;0.0;0.07063731551170349;0.07063731551170349;0.0;0.0
209;0.06902092695236206;0.06902092695236206;0.0;0.0;0.06858064234256744;0.06858064234256744;0.0;0.0
210;0.06739094853401184;0.06739094853401184;0.0;0.0;0.07110900431871414;0.07110900431871414;0.0;0.0
211;0.06748448312282562;0.06748448312282562;0.0;0.0;0.07741335779428482;0.07741335779428482;0.0;0.0
212;0.06802772730588913;0.06802772730588913;0.0;0.0;0.08540831506252289;0.08540831506252289;0.0;0.0
213;0.06778164952993393;0.06778164952993393;0.0;0.0;0.07763302326202393;0.07763302326202393;0.0;0.0
214;0.06741660088300705;0.06741660088300705;0.0;0.0;0.07387343049049377;0.07387343049049377;0.0;0.0
215;0.06688987463712692;0.06688987463712692;0.0;0.0;0.07650668919086456;0.07650668919086456;0.0;0.0
216;0.06679292023181915;0.06679292023181915;0.0;0.0;0.0693344846367836;0.0693344846367836;0.0;0.0
217;0.0664309710264206;0.0664309710264206;0.0;0.0;0.07631024718284607;0.07631024718284607;0.0;0.0
218;0.06706513464450836;0.06706513464450836;0.0;0.0;0.06998585909605026;0.06998585909605026;0.0;0.0
219;0.06676039844751358;0.06676039844751358;0.0;0.0;0.06891394406557083;0.06891394406557083;0.0;0.0
220;0.06663686782121658;0.06663686782121658;0.0;0.0;0.07872404903173447;0.07872404903173447;0.0;0.0
221;0.06628264486789703;0.06628264486789703;0.0;0.0;0.07278503477573395;0.07278503477573395;0.0;0.0
222;0.06635921448469162;0.06635921448469162;0.0;2.0248767940156398e-11;0.06847759336233139;0.06847759336233139;0.0;0.0
223;0.0659952387213707;0.0659952387213707;0.0;0.0;0.07663293182849884;0.07663293182849884;0.0;0.0
224;0.06587183475494385;0.06587183475494385;0.0;0.0;0.07067669928073883;0.07067669928073883;0.0;0.0
225;0.06652389466762543;0.06652389466762543;0.0;0.0;0.06931690871715546;0.06931690871715546;0.0;0.0
226;0.06604714691638947;0.06604714691638947;0.0;0.0;0.07089598476886749;0.07089598476886749;0.0;0.0
227;0.06622232496738434;0.06622232496738434;0.0;0.0;0.07131503522396088;0.07131503522396088;0.0;0.0
228;0.06570956110954285;0.06570956110954285;0.0;0.0;0.07370369881391525;0.07370369881391525;0.0;0.0
229;0.06581705808639526;0.06581705808639526;0.0;0.0;0.07621140778064728;0.07621140778064728;0.0;0.0
230;0.0658150240778923;0.0658150240778923;0.0;0.0;0.07274045795202255;0.07274045795202255;0.0;0.0
231;0.06596492975950241;0.06596492975950241;0.0;0.0;0.06830460578203201;0.06830460578203201;0.0;0.0
232;0.06549786031246185;0.06549786031246185;0.0;0.0;0.06944320350885391;0.06944320350885391;0.0;0.0
233;0.06602660566568375;0.06602660566568375;0.0;0.0;0.06981905549764633;0.06981905549764633;0.0;0.0
234;0.06546735018491745;0.06546735018491745;0.0;0.0;0.08107151091098785;0.08107151091098785;0.0;0.0
235;0.06482726335525513;0.06482726335525513;0.0;0.0;0.0679430216550827;0.0679430216550827;0.0;0.0
236;0.06496473401784897;0.06496473401784897;0.0;0.0;0.07294990867376328;0.07294990867376328;0.0;0.0
237;0.06485545635223389;0.06485545635223389;0.0;0.0;0.07171608507633209;0.07171608507633209;0.0;0.0
238;0.06480350345373154;0.06480350345373154;0.0;0.0;0.06941144913434982;0.06941144913434982;0.0;0.0
239;0.06498178839683533;0.06498178839683533;3.553828759050859e-11;0.0;0.06945235282182693;0.06945235282182693;0.0;0.0
240;0.06477586179971695;0.06477586179971695;0.0;0.0;0.06986398994922638;0.06986398994922638;0.0;0.0
241;0.06480217725038528;0.06480217725038528;0.0;0.0;0.0741751492023468;0.0741751492023468;0.0;0.0
242;0.06684664636850357;0.06684664636850357;0.0;0.0;0.0766359195113182;0.0766359195113182;0.0;0.0
243;0.06495222449302673;0.06495222449302673;0.0;0.0;0.06999857723712921;0.06999857723712921;0.0;0.0
244;0.06401905417442322;0.06401905417442322;0.0;0.0;0.07310013473033905;0.07310013473033905;0.0;0.0
245;0.06376084685325623;0.06376084685325623;0.0;0.0;0.07336125522851944;0.07336125522851944;0.0;0.0
246;0.06417685747146606;0.06417685747146606;0.0;0.0;0.07304174453020096;0.07304174453020096;0.0;0.0
247;0.0633808895945549;0.0633808895945549;0.0;0.0;0.07129382342100143;0.07129382342100143;0.0;0.0
248;0.06426676362752914;0.06426676362752914;0.0;0.0;0.08168822526931763;0.08168822526931763;0.0;0.0
249;0.0637575313448906;0.0637575313448906;0.0;0.0;0.07305420190095901;0.07305420190095901;0.0;0.0
250;0.0638231486082077;0.0638231486082077;0.0;0.0;0.07760323584079742;0.07760323584079742;0.0;0.0
251;0.06365276873111725;0.06365276873111725;0.0;0.0;0.08032002300024033;0.08032002300024033;0.0;0.0
252;0.06435427814722061;0.06435427814722061;0.0;0.0;0.07834763824939728;0.07834763824939728;0.0;0.0
253;0.0637623518705368;0.0637623518705368;0.0;0.0;0.0702153742313385;0.0702153742313385;0.0;0.0
254;0.06406667083501816;0.06406667083501816;0.0;0.0;0.0763237476348877;0.0763237476348877;0.0;0.0
255;0.06298086047172546;0.06298086047172546;0.0;0.0;0.06940159946680069;0.06940159946680069;0.0;0.0
256;0.0630153939127922;0.0630153939127922;0.0;0.0;0.08002448081970215;0.08002448081970215;0.0;0.0
257;0.06302349269390106;0.06302349269390106;0.0;0.0;0.07442693412303925;0.07442693412303925;0.0;0.0
258;0.0631379708647728;0.0631379708647728;0.0;0.0;0.08081953227519989;0.08081953227519989;0.0;0.0
259;0.06324966996908188;0.06324966996908188;0.0;0.0;0.0720641165971756;0.0720641165971756;0.0;0.0
260;0.06792788952589035;0.06792788952589035;0.0;0.0;0.07265932112932205;0.07265932112932205;0.0;0.0
261;0.06356450915336609;0.06356450915336609;0.0;0.0;0.07119932025671005;0.07119932025671005;0.0;0.0
262;0.06267926841974258;0.06267926841974258;0.0;0.0;0.08266014605760574;0.08266014605760574;0.0;0.0
263;0.06222142279148102;0.06222142279148102;0.0;0.0;0.07035157084465027;0.07035157084465027;0.0;0.0
264;0.06218297779560089;0.06218297779560089;0.0;0.0;0.07518015056848526;0.07518015056848526;0.0;0.0
265;0.062359027564525604;0.062359027564525604;0.0;0.0;0.07239744067192078;0.07239744067192078;0.0;0.0
266;0.06272392719984055;0.06272392719984055;0.0;0.0;0.0736767128109932;0.0736767128109932;0.0;0.0
267;0.06258100271224976;0.06258100271224976;0.0;0.0;0.07277005910873413;0.07277005910873413;0.0;0.0
268;0.061833251267671585;0.061833251267671585;0.0;0.0;0.06937997788190842;0.06937997788190842;0.0;0.0
269;0.06181996688246727;0.06181996688246727;0.0;0.0;0.07508265227079391;0.07508265227079391;0.0;0.0
270;0.062071293592453;0.062071293592453;0.0;0.0;0.0747876986861229;0.0747876986861229;0.0;0.0
271;0.0619516596198082;0.0619516596198082;0.0;0.0;0.07281747460365295;0.07281747460365295;0.0;0.0
272;0.06197473779320717;0.06197473779320717;0.0;0.0;0.07192028313875198;0.07192028313875198;0.0;0.0
273;0.06192685291171074;0.06192685291171074;0.0;0.0;0.07545069605112076;0.07545069605112076;0.0;0.0
274;0.061897508800029755;0.061897508800029755;0.0;0.0;0.07544878125190735;0.07544878125190735;0.0;0.0
275;0.061772871762514114;0.061772871762514114;0.0;0.0;0.07743816822767258;0.07743816822767258;0.0;0.0
276;0.06161399558186531;0.06161399558186531;0.0;0.0;0.07598831504583359;0.07598831504583359;0.0;0.0
277;0.06145298480987549;0.06145298480987549;0.0;0.0;0.07398517429828644;0.07398517429828644;0.0;0.0
278;0.06183237582445145;0.06183237582445145;0.0;0.0;0.07981345802545547;0.07981345802545547;0.0;0.0
279;0.06148245558142662;0.06148245558142662;0.0;0.0;0.07587554305791855;0.07587554305791855;0.0;0.0
280;0.061417173594236374;0.061417173594236374;0.0;0.0;0.07225150614976883;0.07225150614976883;0.0;0.0
281;0.061001624912023544;0.061001624912023544;0.0;0.0;0.07653234153985977;0.07653234153985977;0.0;0.0
282;0.06100256368517876;0.06100256368517876;0.0;0.0;0.07838168740272522;0.07838168740272522;0.0;0.0
283;0.06121101975440979;0.06121101975440979;0.0;0.0;0.07235530763864517;0.07235530763864517;0.0;0.0
284;0.062047962099313736;0.062047962099313736;0.0;0.0;0.06958337128162384;0.06958337128162384;0.0;0.0
285;0.061344679445028305;0.061344679445028305;0.0;0.0;0.07761678844690323;0.07761678844690323;0.0;0.0
286;0.060835354030132294;0.060835354030132294;0.0;0.0;0.07681175321340561;0.07681175321340561;0.0;0.0
287;0.060686103999614716;0.060686103999614716;0.0;0.0;0.07261501252651215;0.07261501252651215;0.0;0.0
288;0.06119905039668083;0.06119905039668083;0.0;0.0;0.07392381876707077;0.07392381876707077;0.0;0.0
289;0.060683540999889374;0.060683540999889374;0.0;0.0;0.07329404354095459;0.07329404354095459;0.0;0.0
290;0.06068306416273117;0.06068306416273117;0.0;1.306941273954143e-11;0.0797036811709404;0.0797036811709404;0.0;0.0
291;0.06040823459625244;0.06040823459625244;0.0;0.0;0.07619669288396835;0.07619669288396835;0.0;0.0
292;0.060643650591373444;0.060643650591373444;0.0;0.0;0.07555975764989853;0.07555975764989853;0.0;0.0
293;0.060716412961483;0.060716412961483;0.0;0.0;0.08373920619487762;0.08373920619487762;0.0;0.0
294;0.060297053307294846;0.060297053307294846;0.0;0.0;0.07660594582557678;0.07660594582557678;0.0;0.0
295;0.06045619398355484;0.06045619398355484;0.0;0.0;0.07896031439304352;0.07896031439304352;0.0;0.0
296;0.060086384415626526;0.060086384415626526;0.0;0.0;0.08019889146089554;0.08019889146089554;0.0;0.0
297;0.060356587171554565;0.060356587171554565;0.0;0.0;0.07427111268043518;0.07427111268043518;0.0;0.0
298;0.06031176820397377;0.06031176820397377;0.0;0.0;0.07457718998193741;0.07457718998193741;0.0;0.0
299;0.059807293117046356;0.059807293117046356;0.0;0.0;0.08145611733198166;0.08145611733198166;0.0;0.0
300;0.0598575733602047;0.0598575733602047;0.0;0.0;0.07987470179796219;0.07987470179796219;0.0;0.0
301;0.060691818594932556;0.060691818594932556;0.0;0.0;0.07987277954816818;0.07987277954816818;0.0;0.0
302;0.059815723448991776;0.059815723448991776;0.0;0.0;0.08085452765226364;0.08085452765226364;0.0;0.0
303;0.05953454226255417;0.05953454226255417;0.0;0.0;0.07862395793199539;0.07862395793199539;0.0;0.0
304;0.05935456231236458;0.05935456231236458;0.0;0.0;0.08083375543355942;0.08083375543355942;0.0;0.0
305;0.06013575196266174;0.06013575196266174;0.0;0.0;0.07792025059461594;0.07792025059461594;0.0;0.0
306;0.05977794528007507;0.05977794528007507;0.0;0.0;0.07466938346624374;0.07466938346624374;0.0;0.0
307;0.059361644089221954;0.059361644089221954;0.0;0.0;0.07637880742549896;0.07637880742549896;0.0;0.0
308;0.05945518985390663;0.05945518985390663;0.0;0.0;0.07827453315258026;0.07827453315258026;0.0;0.0
309;0.05945240333676338;0.05945240333676338;0.0;0.0;0.08253738284111023;0.08253738284111023;0.0;0.0
310;0.061538565903902054;0.061538565903902054;0.0;0.0;0.08206871151924133;0.08206871151924133;0.0;0.0
311;0.05925871804356575;0.05925871804356575;0.0;0.0;0.07645472139120102;0.07645472139120102;0.0;0.0
312;0.05906009301543236;0.05906009301543236;0.0;0.0;0.07677588611841202;0.07677588611841202;0.0;0.0
313;0.0591437928378582;0.0591437928378582;0.0;0.0;0.08422396332025528;0.08422396332025528;0.0;0.0
314;0.058973152190446854;0.058973152190446854;0.0;0.0;0.07326550036668777;0.07326550036668777;0.0;0.0
315;0.059011369943618774;0.059011369943618774;0.0;0.0;0.07848677039146423;0.07848677039146423;0.0;0.0
316;0.058911483734846115;0.058911483734846115;0.0;0.0;0.08233160525560379;0.08233160525560379;0.0;0.0
317;0.0589691698551178;0.0589691698551178;0.0;0.0;0.07874599099159241;0.07874599099159241;0.0;0.0
318;0.059065379202365875;0.059065379202365875;0.0;0.0;0.07819239795207977;0.07819239795207977;0.0;0.0
319;0.058673564344644547;0.058673564344644547;0.0;0.0;0.08299853652715683;0.08299853652715683;0.0;0.0
320;0.05849982425570488;0.05849982425570488;0.0;0.0;0.07958090305328369;0.07958090305328369;0.0;0.0
321;0.0583178848028183;0.0583178848028183;0.0;0.0;0.07769433408975601;0.07769433408975601;0.0;0.0
322;0.05849311128258705;0.05849311128258705;0.0;0.0;0.0809442400932312;0.0809442400932312;0.0;0.0
323;0.05977010726928711;0.05977010726928711;0.0;0.0;0.08068262040615082;0.08068262040615082;0.0;0.0
324;0.05859184265136719;0.05859184265136719;0.0;0.0;0.0768466368317604;0.0768466368317604;0.0;0.0
325;0.05831504613161087;0.05831504613161087;0.0;0.0;0.07623240351676941;0.07623240351676941;0.0;0.0
326;0.05837386101484299;0.05837386101484299;0.0;0.0;0.08165643364191055;0.08165643364191055;0.0;0.0
327;0.058455005288124084;0.058455005288124084;0.0;0.0;0.08317705988883972;0.08317705988883972;0.0;0.0
328;0.05866546183824539;0.05866546183824539;0.0;0.0;0.08230321854352951;0.08230321854352951;0.0;0.0
329;0.058261577039957047;0.058261577039957047;0.0;0.0;0.07941731810569763;0.07941731810569763;0.0;0.0
330;0.05817718803882599;0.05817718803882599;0.0;0.0;0.08130960911512375;0.08130960911512375;0.0;0.0
331;0.058037083595991135;0.058037083595991135;0.0;0.0;0.07889129966497421;0.07889129966497421;0.0;0.0
332;0.05822087451815605;0.05822087451815605;0.0;0.0;0.08034028857946396;0.08034028857946396;0.0;0.0
333;0.057852648198604584;0.057852648198604584;0.0;0.0;0.08911092579364777;0.08911092579364777;0.0;0.0
334;0.05772891268134117;0.05772891268134117;0.0;0.0;0.08465266227722168;0.08465266227722168;0.0;0.0
335;0.05789058655500412;0.05789058655500412;0.0;0.0;0.08405052125453949;0.08405052125453949;0.0;0.0
336;0.057532258331775665;0.057532258331775665;0.0;0.0;0.08250433206558228;0.08250433206558228;0.0;0.0
337;0.05752480402588844;0.05752480402588844;0.0;0.0;0.08363071084022522;0.08363071084022522;0.0;0.0
338;0.05803428217768669;0.05803428217768669;0.0;0.0;0.08151714503765106;0.08151714503765106;0.0;0.0
339;0.057549215853214264;0.057549215853214264;0.0;0.0;0.08394621312618256;0.08394621312618256;0.0;0.0
340;0.057312920689582825;0.057312920689582825;0.0;0.0;0.08168718963861465;0.08168718963861465;0.0;0.0
341;0.05773205682635307;0.05773205682635307;0.0;0.0;0.07975375652313232;0.07975375652313232;0.0;0.0
342;0.05720428004860878;0.05720428004860878;0.0;0.0;0.08781975507736206;0.08781975507736206;0.0;0.0
343;0.057570867240428925;0.057570867240428925;0.0;0.0;0.08772404491901398;0.08772404491901398;0.0;0.0
344;0.05747310072183609;0.05747310072183609;0.0;0.0;0.08591416478157043;0.08591416478157043;0.0;0.0
345;0.05771997198462486;0.05771997198462486;0.0;0.0;0.08342014253139496;0.08342014253139496;0.0;0.0
346;0.0571221187710762;0.0571221187710762;0.0;0.0;0.08507484197616577;0.08507484197616577;0.0;0.0
347;0.057064272463321686;0.057064272463321686;0.0;0.0;0.08218301832675934;0.08218301832675934;0.0;0.0
348;0.056762635707855225;0.056762635707855225;0.0;0.0;0.08593563735485077;0.08593563735485077;0.0;0.0
349;0.05655306577682495;0.05655306577682495;0.0;0.0;0.08230313658714294;0.08230313658714294;0.0;0.0
350;0.0570514090359211;0.0570514090359211;0.0;0.0;0.08092311024665833;0.08092311024665833;0.0;0.0
351;0.05669667199254036;0.05669667199254036;0.0;0.0;0.08203984051942825;0.08203984051942825;0.0;0.0
352;0.05689819157123566;0.05689819157123566;0.0;0.0;0.08158820122480392;0.08158820122480392;0.0;0.0
353;0.05675271525979042;0.05675271525979042;0.0;0.0;0.09038134664297104;0.09038134664297104;0.0;0.0
354;0.05705536901950836;0.05705536901950836;0.0;0.0;0.0864061489701271;0.0864061489701271;0.0;0.0
355;0.05649402737617493;0.05649402737617493;0.0;0.0;0.0840025395154953;0.0840025395154953;0.0;0.0
356;0.05663522705435753;0.05663522705435753;0.0;0.0;0.08448705077171326;0.08448705077171326;0.0;0.0
357;0.056305937469005585;0.056305937469005585;0.0;0.0;0.08580290526151657;0.08580290526151657;0.0;0.0
358;0.05653593689203262;0.05653593689203262;0.0;0.0;0.08544566482305527;0.08544566482305527;0.0;0.0
359;0.057297203689813614;0.057297203689813614;0.0;0.0;0.08406277745962143;0.08406277745962143;0.0;0.0
360;0.05725434422492981;0.05725434422492981;0.0;0.0;0.08400632441043854;0.08400632441043854;0.0;0.0
361;0.056303221732378006;0.056303221732378006;0.0;0.0;0.08707825839519501;0.08707825839519501;0.0;0.0
362;0.056053418666124344;0.056053418666124344;0.0;0.0;0.08300936222076416;0.08300936222076416;0.0;0.0
363;0.05577811598777771;0.05577811598777771;0.0;0.0;0.08786939084529877;0.08786939084529877;0.0;0.0
364;0.05627400428056717;0.05627400428056717;0.0;0.0;0.08264384418725967;0.08264384418725967;0.0;0.0
365;0.05620085075497627;0.05620085075497627;0.0;0.0;0.0848594605922699;0.0848594605922699;0.0;0.0
366;0.05582309141755104;0.05582309141755104;0.0;0.0;0.08549965173006058;0.08549965173006058;0.0;0.0
367;0.05593116581439972;0.05593116581439972;0.0;0.0;0.08346197754144669;0.08346197754144669;0.0;0.0
368;0.05839277431368828;0.05839277431368828;0.0;0.0;0.0873502865433693;0.0873502865433693;0.0;0.0
369;0.05619014427065849;0.05619014427065849;0.0;0.0;0.08761563152074814;0.08761563152074814;0.0;0.0
370;0.055709417909383774;0.055709417909383774;0.0;0.0;0.08348029851913452;0.08348029851913452;0.0;0.0
371;0.055856768041849136;0.055856768041849136;0.0;0.0;0.08793146163225174;0.08793146163225174;0.0;0.0
372;0.05573970079421997;0.05573970079421997;0.0;0.0;0.08752518892288208;0.08752518892288208;0.0;0.0
373;0.05579919368028641;0.05579919368028641;0.0;0.0;0.08493829518556595;0.08493829518556595;0.0;0.0
374;0.055494632571935654;0.055494632571935654;0.0;0.0;0.0839291587471962;0.0839291587471962;0.0;0.0
375;0.05560215562582016;0.05560215562582016;0.0;0.0;0.08867307007312775;0.08867307007312775;0.0;0.0
376;0.05544637143611908;0.05544637143611908;0.0;0.0;0.08505859971046448;0.08505859971046448;0.0;0.0
377;0.05563676357269287;0.05563676357269287;0.0;0.0;0.08478605002164841;0.08478605002164841;0.0;0.0
378;0.055190566927194595;0.055190566927194595;0.0;0.0;0.08382678776979446;0.08382678776979446;0.0;0.0
379;0.055124420672655106;0.055124420672655106;0.0;0.0;0.08736461400985718;0.08736461400985718;0.0;0.0
380;0.055349964648485184;0.055349964648485184;0.0;0.0;0.08821136504411697;0.08821136504411697;0.0;0.0
381;0.05517646670341492;0.05517646670341492;0.0;0.0;0.08631661534309387;0.08631661534309387;0.0;0.0
382;0.0556911863386631;0.0556911863386631;0.0;0.0;0.08765433728694916;0.08765433728694916;0.0;0.0
383;0.05516430735588074;0.05516430735588074;0.0;0.0;0.09068689495325089;0.09068689495325089;0.0;0.0
384;0.05504113808274269;0.05504113808274269;0.0;0.0;0.08545883744955063;0.08545883744955063;0.0;0.0
385;0.05515775457024574;0.05515775457024574;0.0;0.0;0.08598948270082474;0.08598948270082474;0.0;0.0
386;0.05515480786561966;0.05515480786561966;0.0;0.0;0.08600674569606781;0.08600674569606781;0.0;0.0
387;0.054810091853141785;0.054810091853141785;0.0;0.0;0.09092256426811218;0.09092256426811218;0.0;0.0
388;0.0549849271774292;0.0549849271774292;0.0;0.0;0.08480837196111679;0.08480837196111679;0.0;0.0
389;0.05510762333869934;0.05510762333869934;0.0;0.0;0.08615953475236893;0.08615953475236893;0.0;0.0
390;0.054825957864522934;0.054825957864522934;0.0;0.0;0.09031672030687332;0.09031672030687332;0.0;0.0
391;0.05457642674446106;0.05457642674446106;0.0;0.0;0.08472004532814026;0.08472004532814026;0.0;0.0
392;0.05461883172392845;0.05461883172392845;0.0;0.0;0.08707424253225327;0.08707424253225327;0.0;0.0
393;0.0548514686524868;0.0548514686524868;0.0;0.0;0.08716104179620743;0.08716104179620743;0.0;0.0
394;0.054715096950531006;0.054715096950531006;0.0;0.0;0.08676561713218689;0.08676561713218689;0.0;0.0
395;0.05461002513766289;0.05461002513766289;0.0;0.0;0.08810876309871674;0.08810876309871674;0.0;0.0
396;0.054329898208379745;0.054329898208379745;0.0;0.0;0.08925719559192657;0.08925719559192657;0.0;0.0
397;0.054620008915662766;0.054620008915662766;0.0;0.0;0.0885268896818161;0.0885268896818161;0.0;0.0
398;0.05471520498394966;0.05471520498394966;0.0;0.0;0.08736158907413483;0.08736158907413483;0.0;0.0
399;0.05461621657013893;0.05461621657013893;0.0;0.0;0.08919981867074966;0.08919981867074966;0.0;0.0
